stock,nse_index,sector_filter,shariah_score
20MICRONS,0,1,1
21STCENMGM,0,0,0
360ONE,0,0,0
3BBLACKBIO,0,1,1
3IINFOLTD,0,1,1
3MINDIA,1,1,2
3PLAND,0,1,1
5PAISA,0,0,0
63MOONS,0,1,1
A2ZINFRA,0,1,1
AAATECH,0,1,1
AADHARHFC,0,0,0
AAKASH,0,1,1
AAREYDRUGS,0,1,1
AARNAV,0,1,1
AARON,0,1,1
AARTECH,0,1,1
AARTIDRUGS,0,1,1
AARTIIND,0,1,1
AARTIPHARM,0,1,1
AARTISURF,0,1,1
AARVI,0,1,1
AAVAS,0,0,0
ABANSENT,0,1,1
ABB,0,1,1
ABBOTINDIA,0,1,1
ABCAPITAL,0,0,0
ABCOTS,0,1,1
ABDL,0,1,1
ABFRL,1,1,2
ABINFRA,0,1,1
ABLBL,1,1,2
ABMINTLLTD,0,1,1
ABMKNO,0,1,1
ABREL,0,1,1
ABSLAMC,0,0,0
ACC,0,1,1
ACCELYA,0,1,1
ACCURACY,0,1,1
ACE,1,1,2
ACEINTEG,0,1,1
ACI,0,1,1
ACL,0,1,1
ACMESOLAR,0,1,1
ACSTECH,0,1,1
ACUTAAS,1,1,2
ADANIENSOL,0,1,1
ADANIENT,0,1,1
ADANIGREEN,0,1,1
ADANIPORTS,0,1,1
ADANIPOWER,0,1,1
ADFFOODS,0,1,1
ADL,0,1,1
ADOR,0,1,1
ADROITINFO,0,1,1
ADSL,0,1,1
ADVAIT,0,1,1
ADVANCE,0,1,1
ADVANIHOTR,0,1,1
ADVENTHTL,0,1,1
ADVENZYMES,0,1,1
AEGISLOG,0,1,1
AEGISVOPAK,0,1,1
AEPL,0,1,1
AEQUS,0,0,0
AEROENTER,0,1,1
AEROFLEX,0,1,1
AERONEU,0,1,1
AETHER,0,1,1
AFCONS,1,1,2
AFFLE,0,1,1
AFFORDABLE,0,1,1
AFIL,0,0,0
AFSL,0,0,0
AGARIND,0,1,1
AGARWALEYE,0,1,1
AGI,0,1,1
AGIIL,0,1,1
AGRITECH,0,1,1
AGROPHOS,0,1,1
AHCL,0,1,1
AHLADA,0,1,1
AHLEAST,0,1,1
AHLUCONT,0,1,1
AHLWEST,0,1,1
AIAENG,0,1,1
AIIL,0,0,0
AIRAN,0,1,1
AIROLAM,0,1,1
AJANTPHARM,1,1,2
AJAXENGG,0,1,1
AJMERA,0,1,1
AJOONI,0,1,1
AKASH,0,1,1
AKCAPIT,0,1,1
AKG,0,1,1
AKI,0,1,1
AKSHAR,0,1,1
AKSHARCHEM,0,1,1
AKSHOPTFBR,0,1,1
AKUMS,0,1,1
ALANKIT,0,1,1
ALBERTDAVD,0,1,1
ALEMBICLTD,0,1,1
ALGOQUANT,0,0,0
ALICON,0,1,1
ALIVUS,0,1,1
ALKALI,0,1,1
ALKEM,1,1,2
ALKYLAMINE,0,1,1
ALLCARGO,0,1,1
ALLDIGI,0,1,1
ALLTIME,0,1,1
ALMONDZ,0,0,0
ALOKINDS,0,1,1
ALPA,0,1,1
ALPHAGEO,0,1,1
AMAGI,0,1,1
AMANTA,0,1,1
AMBALALSA,0,1,1
AMBER,1,1,2
AMBICAAGAR,0,1,1
AMBIKCO,0,1,1
AMBUJACEM,0,1,1
AMDIND,0,1,1
AMIRCHAND,0,1,1
AMJLAND,0,1,1
AMNPLST,0,1,1
AMRUTANJAN,0,1,1
ANANDRATHI,0,0,0
ANANTRAJ,1,1,2
ANDHRAPAP,0,1,1
ANDHRSUGAR,0,1,1
ANGELONE,0,0,0
ANIKINDS,0,1,1
ANKITMETAL,0,1,1
ANMOL,0,1,1
ANSALAPI,0,1,1
ANTELOPUS,0,1,1
ANTGRAPHIC,0,1,1
ANTHEM,0,1,1
ANUHPHR,0,1,1
ANUP,0,1,1
ANURAS,0,1,1
APARINDS,1,1,2
APCL,0,1,1
APCOTEXIND,0,1,1
APEX,0,1,1
APLAPOLLO,1,1,2
APLLTD,0,1,1
APOLLO,0,0,0
APOLLOHOSP,0,1,1
APOLLOPIPE,0,1,1
APOLLOTYRE,1,1,2
APOLSINHOT,0,1,1
APTECHT,0,1,1
APTUS,0,0,0
AQYLON,0,1,1
ARCHIDPLY,0,1,1
ARCHIES,0,1,1
ARE&M,1,1,2
ARENTERP,0,1,1
ARFIN,0,1,1
ARIES,0,1,1
ARIHANT,0,1,1
ARIHANTCAP,0,0,0
ARIHANTSUP,0,1,1
ARIS,0,1,1
ARKADE,0,1,1
ARMANFIN,0,0,0
AROGRANITE,0,1,1
ARROWGREEN,0,1,1
ARSHIYA,0,1,1
ARSSBL,0,0,0
ARTEMISMED,0,1,1
ARTNIRMAN,0,1,1
ARVEE,0,1,1
ARVIND,0,1,1
ARVINDFASN,0,1,1
ARVSMART,0,1,1
ASAHIINDIA,0,1,1
ASAHISONG,0,1,1
ASAL,0,1,1
ASALCBR,0,1,1
ASHAPURMIN,0,1,1
ASHIANA,0,1,1
ASHIKA,0,1,1
ASHIMASYN,0,1,1
ASHOKA,0,1,1
ASHOKAMET,0,1,1
ASHOKLEY,0,1,1
ASIANENE,0,1,1
ASIANHOTNR,0,1,1
ASIANPAINT,1,1,2
ASIANTILES,0,1,1
ASKAUTOLTD,0,1,1
ASMS,0,1,1
ASPINWALL,0,1,1
ASTAR,0,1,1
ASTEC,0,1,1
ASTERDM,1,1,2
ASTRAL,1,1,2
ASTRAMICRO,0,1,1
ASTRAZEN,0,1,1
ASTRON,0,1,1
ATALREAL,0,1,1
ATAM,0,1,1
ATGL,1,1,2
ATHERENERG,0,1,1
ATL,0,1,1
ATLANTAA,0,1,1
ATLANTAELE,0,1,1
ATLASCYCLE,0,1,1
ATUL,1,1,2
ATULAUTO,0,1,1
AUBANK,0,0,0
AURIGROW,0,1,1
AURIONPRO,0,1,1
AUROPHARMA,1,1,2
AURUM,0,1,1
AUSOMENT,0,0,0
AUTOAXLES,0,1,1
AUTOIND,0,1,1
AVADHSUGAR,0,1,1
AVAILFC,0,1,1
AVALON,0,1,1
AVANTEL,0,1,1
AVANTIFEED,0,1,1
AVG,0,1,1
AVL,0,1,1
AVONMORE,0,0,0
AVROIND,0,1,1
AVTNPL,0,1,1
AWFIS,0,1,1
AWHCL,0,1,1
AWL,0,1,1
AXISBANK,0,0,0
AXISCADES,0,1,1
AXITA,0,1,1
AYE,0,0,0
AYMSYNTEX,0,1,1
AZAD,0,1,1
BAFNAPH,0,1,1
BAGFILMS,0,1,1
BAIDFIN,0,0,0
BAJAJ-AUTO,0,1,1
BAJAJCON,0,1,1
BAJAJELEC,0,1,1
BAJAJFINSV,0,0,0
BAJAJHCARE,0,1,1
BAJAJHFL,0,0,0
BAJAJHIND,0,1,1
BAJAJHLDNG,0,0,0
BAJAJINDEF,0,1,1
BAJAJST,0,1,1
BAJEL,0,1,1
BAJFINANCE,0,0,0
BALAJEE,0,1,1
BALAJITELE,0,1,1
BALAMINES,0,1,1
BALAXI,0,1,1
BALKRISHNA,0,1,1
BALKRISIND,1,1,2
BALMLAWRIE,0,1,1
BALPHARMA,0,1,1
BALRAMCHIN,0,1,1
BALUFORGE,0,1,1
BANARBEADS,0,1,1
BANARISUG,0,1,1
BANCOINDIA,0,1,1
BANDHANBNK,0,0,0
BANG,0,1,1
BANKA,0,1,1
BANKBARODA,0,0,0
BANKINDIA,0,0,0
BANSALWIRE,0,1,1
BANSWRAS,0,1,1
BASF,0,1,1
BASML,0,1,1
BATAINDIA,1,1,2
BATLIBOI,0,1,1
BAYERCROP,1,1,2
BBL,0,1,1
BBOX,0,1,1
BBTC,1,1,2
BBTCL,0,1,1
BCG,0,1,1
BCLIND,0,1,1
BCONCEPTS,0,1,1
BCPL,0,1,1
BDL,0,0,0
BEARDSELL,0,1,1
BECTORFOOD,0,1,1
BEDMUTHA,0,1,1
BEEKAY,0,1,1
BEL,0,0,0
BELLACASA,0,1,1
BELRISE,0,1,1
BEML,0,1,1
BENGALASM,0,1,1
BEPL,0,1,1
BERGEPAINT,1,1,2
BESTAGRO,0,1,1
BETA,0,1,1
BFINVEST,0,0,0
BFUTILITIE,0,1,1
BGRENERGY,0,1,1
BHAGCHEM,0,1,1
BHAGERIA,0,1,1
BHAGYANGR,0,1,1
BHANDARI,0,1,1
BHARATCOAL,0,1,1
BHARATFORG,0,1,1
BHARATGEAR,0,1,1
BHARATRAS,0,1,1
BHARATSE,0,1,1
BHARATWIRE,0,1,1
BHARTIARTL,0,1,1
BHARTIHEXA,0,1,1
BHEL,1,1,2
BI,0,1,1
BIGBLOC,0,1,1
BIKAJI,1,1,2
BIL,0,1,1
BIMETAL,0,1,1
BIOCON,0,1,1
BIOFILCHEM,0,1,1
BIRLACABLE,0,1,1
BIRLACORPN,0,1,1
BIRLAMONEY,0,0,0
BIRLANU,0,1,1
BIRLAPREC,0,1,1
BLACKBUCK,0,1,1
BLACKROSE,0,1,1
BLAL,0,0,0
BLBLIMITED,0,0,0
BLIL,0,1,1
BLISSGVS,0,1,1
BLKASHYAP,0,1,1
BLS,0,1,1
BLSE,0,1,1
BLUECHIP,0,0,0
BLUECOAST,0,1,1
BLUEDART,1,1,2
BLUEJET,1,1,2
BLUESTARCO,1,1,2
BLUESTONE,0,1,1
BLUSPRING,0,1,1
BMWVENTLTD,0,1,1
BNAGROCHEM,0,1,1
BNALTD,0,1,1
BODALCHEM,0,1,1
BOHRAIND,0,1,1
BOMDYEING,0,1,1
BONLON,0,1,1
BORANA,0,1,1
BOROLTD,0,1,1
BORORENEW,0,1,1
BOROSCI,0,1,1
BOSCH-HCIL,0,1,1
BOSCHLTD,0,1,1
BPCL,1,1,2
BPL,0,1,1
BRIGADE,0,1,1
BRIGHOTEL,0,1,1
BRITANNIA,1,1,2
BRNL,0,1,1
BROOKS,0,1,1
BSE,0,0,0
BSHSL,0,1,1
BSL,0,1,1
BSOFT,1,1,2
BTML,0,1,1
BTTL,0,1,1
BUILDPRO,0,1,1
BUTTERFLY,0,1,1
BVCL,0,1,1
BYKE,0,1,1
CALSOFT,0,1,1
CAMLINFINE,0,1,1
CAMPUS,0,1,1
CAMS,0,0,0
CANBK,0,0,0
CANFINHOME,0,0,0
CANHLIFE,0,0,0
CANTABIL,0,1,1
CAPACITE,0,1,1
CAPILLARY,0,1,1
CAPITALSFB,0,0,0
CAPLIPOINT,0,1,1
CAPTRUST,0,0,0
CARBORUNIV,1,1,2
CARERATING,0,0,0
CARRARO,0,1,1
CARTRADE,0,1,1
CARYSIL,0,1,1
CASTROLIND,1,1,2
CCAVENUE,0,0,0
CCCL,0,1,1
CCHHL,0,1,1
CCL,0,1,1
CDSL,0,0,0
CEATLTD,1,1,2
CEIGALL,0,1,1
CEINSYS,0,1,1
CELEBRITY,0,1,1
CELLO,0,1,1
CEMPRO,1,1,2
CENTENKA,0,1,1
CENTEXT,0,1,1
CENTRALBK,0,0,0
CENTRUM,0,0,0
CENTUM,0,1,1
CENTURYPLY,0,1,1
CERA,0,1,1
CEREBRAINT,0,1,1
CESC,0,1,1
CEWATER,0,1,1
CGCL,0,0,0
CGPOWER,1,1,2
CHALET,0,1,1
CHAMBLFERT,1,1,2
CHEMBOND,0,1,1
CHEMBONDCH,0,1,1
CHEMCON,0,1,1
CHEMFAB,0,1,1
CHEMPLASTS,0,1,1
CHENNPETRO,1,1,2
CHEVIOT,0,1,1
CHOICEIN,0,0,0
CHOLAFIN,0,0,0
CHOLAHLDNG,0,0,0
CIEINDIA,1,1,2
CIFL,0,0,0
CINELINE,0,1,1
CINEVISTA,0,1,1
CIPLA,1,1,2
CLEAN,0,1,1
CLEANMAX,0,1,1
CLEDUCATE,0,1,1
CLSEL,0,1,1
CMPDI,0,1,1
CMSINFO,0,1,1
CNL,0,1,1
COALINDIA,0,1,1
COASTCORP,0,1,1
COCHINSHIP,0,0,0
COCKERILL,0,1,1
COFFEEDAY,0,1,1
COFORGE,1,1,2
COHANCE,1,1,2
COLPAL,1,1,2
COMFINTE,0,1,1
COMPINFO,0,1,1
COMPUSOFT,0,1,1
COMSYN,0,1,1
CONCOR,0,1,1
CONCORDBIO,1,1,2
CONFIPET,0,1,1
CONSOFINVT,0,0,0
CONTROLPR,0,1,1
CORALFINAC,0,1,1
CORDSCABLE,0,1,1
COROMANDEL,1,1,2
CORONA,0,1,1
COSMOFIRST,0,1,1
COUNCODOS,0,1,1
CPCAP,0,0,0
CPEDU,0,1,1
CPPLUS,1,1,2
CRAFTSMAN,0,1,1
CRAMC,0,0,0
CREATIVEYE,0,1,1
CREDITACC,0,0,0
CREST,0,0,0
CRISIL,1,0,1
CRIZAC,0,1,1
CROMPTON,1,1,2
CROWN,0,1,1
CSBBANK,0,0,0
CSLFINANCE,0,0,0
CTE,0,1,1
CUB,0,0,0
CUBEXTUB,0,1,1
CUMMINSIND,1,1,2
CUPID,0,1,1
CURAA,0,1,1
CYBERMEDIA,0,1,1
CYBERTECH,0,1,1
CYIENT,1,1,2
CYIENTDLM,0,1,1
DABUR,0,1,1
DAICHI,0,1,1
DALBHARAT,1,1,2
DALMIASUG,0,1,1
DAMCAPITAL,0,0,0
DAMODARIND,0,1,1
DANGEE,0,1,1
DATAMATICS,0,1,1
DATAPATTNS,0,0,0
DAVANGERE,0,1,1
DBCORP,0,1,1
DBEIL,0,1,1
DBL,0,1,1
DBOL,0,1,1
DBREALTY,0,1,1
DBSTOCKBRO,0,0,0
DCAL,0,1,1
DCBBANK,0,0,0
DCI,0,1,1
DCM,0,1,1
DCMFINSERV,0,0,0
DCMNVL,0,1,1
DCMSHRIRAM,0,1,1
DCMSIL,0,1,1
DCMSRIND,0,1,1
DCW,0,1,1
DCXINDIA,0,0,0
DDEVPLSTIK,0,1,1
DECCANCE,0,1,1
DECNGOLD,0,1,1
DEEDEV,0,1,1
DEEPAKFERT,0,1,1
DEEPAKNTR,1,1,2
DEEPINDS,0,1,1
DELHIVERY,0,1,1
DELPHIFX,0,0,0
DELTACORP,0,0,0
DELTAMAGNT,0,1,1
DEN,0,1,1
DENORA,0,1,1
DENTA,0,1,1
DEVIT,0,1,1
DEVX,0,1,1
DEVYANI,0,1,1
DGCONTENT,0,1,1
DHAMPURSUG,0,1,1
DHANBANK,0,0,0
DHANUKA,0,1,1
DHARMAJ,0,1,1
DHRUV,0,1,1
DHUNINV,0,0,0
DIACABS,0,1,1
DIAMINESQ,0,1,1
DIAMONDYD,0,1,1
DICIND,0,1,1
DIFFNKG,0,1,1
DIGIDRIVE,0,1,1
DIGISPICE,0,0,0
DIGITIDE,0,1,1
DIGJAMLMTD,0,1,1
DISAQ,0,1,1
DISHTV,0,1,1
DIVGIITTS,0,1,1
DIVISLAB,0,1,1
DIXON,1,1,2
DJML,0,1,1
DLF,0,1,1
DLINKINDIA,0,1,1
DMART,1,1,2
DMCC,0,1,1
DNAMEDIA,0,1,1
DODLA,0,1,1
DOLATALGO,0,0,0
DOLLAR,0,1,1
DOLPHIN,0,1,1
DOMS,1,1,2
DONEAR,0,1,1
DPABHUSHAN,0,1,1
DPSCLTD,0,1,1
DPWIRES,0,1,1
DRAGARWQ,0,1,1
DRCSYSTEMS,0,1,1
DREAMFOLKS,0,1,1
DREDGECORP,0,1,1
DRREDDY,1,1,2
DSFCL,0,1,1
DSSL,0,1,1
DTIL,0,1,1
DUCON,0,1,1
DVL,0,0,0
DWARKESH,0,1,1
DYCL,0,1,1
DYNAMATECH,0,1,1
DYNPRO,0,1,1
E2E,0,1,1
EASEMYTRIP,0,1,1
EASTSILK,0,1,1
EBGNG,0,1,1
ECLERX,1,1,2
ECOSMOBLTY,0,1,1
EDELWEISS,0,0,0
EFCIL,0,1,1
EICHERMOT,0,1,1
EIDPARRY,0,1,1
EIEL,0,1,1
EIFFL,0,1,1
EIHAHOTELS,0,1,1
EIHOTEL,0,1,1
EIMCOELECO,0,1,1
EKC,0,1,1
ELANTAS,0,1,1
ELCIDIN,0,1,1
ELDEHSG,0,1,1
ELECON,1,1,2
ELECTCAST,0,1,1
ELECTHERM,0,1,1
ELGIEQUIP,1,1,2
ELGIRUBCO,0,1,1
ELIN,0,1,1
ELITECON,0,1,1
ELLEN,0,1,1
ELPROINTL,0,1,1
EMAMILTD,1,1,2
EMAMIPAP,0,1,1
EMAMIREAL,0,1,1
EMBDL,0,1,1
EMCURE,1,1,2
EMIL,0,1,1
EMKAY,0,0,0
EMMBI,0,1,1
EMMVEE,0,1,1
EMPOWER,0,1,1
EMSLIMITED,0,1,1
EMUDHRA,0,1,1
ENDURANCE,1,1,2
ENERGYDEV,0,1,1
ENGINERSIN,0,1,1
ENIL,0,1,1
ENRIN,1,1,2
ENTERO,0,1,1
EPACK,0,1,1
EPACKPEB,0,1,1
EPIGRAL,0,1,1
EPL,0,1,1
EQUIPPP,0,1,1
EQUITASBNK,0,0,0
ERIS,0,1,1
ESABINDIA,0,1,1
ESAFSFB,0,0,0
ESCORTS,0,1,1
ESSARSHPNG,0,1,1
ESSENTIA,0,1,1
ESTER,0,1,1
ETERNAL,0,1,1
ETHOSLTD,0,1,1
EUREKAFORB,0,1,1
EUROBOND,0,1,1
EUROPRATIK,0,1,1
EUROTEXIND,0,1,1
EVEREADY,0,1,1
EVERESTIND,0,1,1
EXCELINDUS,0,1,1
EXCELSOFT,0,1,1
EXICOM,0,1,1
EXIDEIND,1,1,2
EXPLEOSOL,0,1,1
EXXARO,0,1,1
FABTECH,0,1,1
FACT,0,1,1
FAIRCHEMOR,0,1,1
FAZE3Q,0,1,1
FCL,0,1,1
FCSSOFT,0,1,1
FDC,0,1,1
FEDDERSHOL,0,1,1
FEDERALBNK,0,0,0
FEDFINA,0,0,0
FEL,0,1,1
FELDVR,0,1,1
FERMENTA,0,1,1
FIBERWEB,0,1,1
FIEMIND,0,1,1
FILATEX,0,1,1
FILATFASH,0,1,1
FINCABLES,1,1,2
FINEORG,0,1,1
FINKURVE,0,0,0
FINOPB,0,0,0
FINPIPE,0,1,1
FIRSTCRY,1,1,2
FISCHER,0,1,1
FIVESTAR,0,0,0
FLAIR,0,1,1
FLEXITUFF,0,1,1
FLFL,0,1,1
FLUOROCHEM,1,1,2
FMGOETZE,0,1,1
FMNL,0,1,1
FOCUS,0,1,1
FOODSIN,0,1,1
FORCEMOT,1,1,2
FORTIS,1,1,2
FOSECOIND,0,1,1
FRACTAL,0,1,1
FRONTSP,0,1,1
FSL,1,1,2
FUSION,0,0,0
GABRIEL,1,1,2
GAEL,0,1,1
GAIL,1,1,2
GALAPREC,0,1,1
GALAXYSURF,0,1,1
GALLANTT,1,1,2
GANDHAR,0,1,1
GANDHITUBE,0,1,1
GANECOS,0,1,1
GANESHBE,0,1,1
GANESHCP,0,1,1
GANESHHOU,0,1,1
GANGAFORGE,0,1,1
GANGESSECU,0,1,1
GARFIBRES,0,1,1
GARUDA,0,1,1
GATECH,0,0,0
GATECHDVR,0,0,0
GATEWAY,0,1,1
GAUDIUMIVF,0,1,1
GAYAHWS,0,1,1
GAYAPROJ,0,1,1
GCSL,0,0,0
GEECEE,0,1,1
GEEKAYWIRE,0,1,1
GEMAROMA,0,1,1
GENCON,0,1,1
GENESYS,0,1,1
GENUSPAPER,0,1,1
GENUSPOWER,0,1,1
GEOJITFSL,0,0,0
GESHIP,0,1,1
GFLLIMITED,0,0,0
GHCL,0,1,1
GHCLTEXTIL,0,1,1
GICHSGFIN,0,0,0
GICL,0,1,1
GICRE,0,0,0
GILLANDERS,0,1,1
GILLETTE,1,1,2
GINNIFILA,0,1,1
GIPCL,0,1,1
GKENERGY,0,1,1
GKSL,0,1,1
GKWLIMITED,0,1,1
GLAND,0,1,1
GLAXO,0,1,1
GLENMARK,1,1,2
GLFL,0,0,0
GLOBAL,0,1,1
GLOBALE,0,1,1
GLOBALVECT,0,1,1
GLOBE,0,1,1
GLOBECIVIL,0,1,1
GLOBUSSPR,0,1,1
GLOSTERLTD,0,1,1
GLOTTIS,0,1,1
GMBREW,0,1,1
GMDCLTD,0,1,1
GMMPFAUDLR,0,1,1
GMRAIRPORT,0,1,1
GMRP&UI,0,1,1
GNA,0,1,1
GNFC,0,1,1
GNRL,0,1,1
GOACARBON,0,1,1
GOCLCORP,0,1,1
GOCOLORS,0,1,1
GODAVARIB,0,1,1
GODFRYPHLP,0,0,0
GODIGIT,0,0,0
GODREJAGRO,0,1,1
GODREJCP,1,1,2
GODREJIND,0,1,1
GODREJPROP,0,1,1
GOKEX,0,1,1
GOKUL,0,1,1
GOKULAGRO,0,1,1
GOLDENTOBC,0,0,0
GOLDIAM,0,1,1
GOLDTECH,0,1,1
GOODLUCK,0,1,1
GOODYEAR,0,1,1
GOPAL,0,1,1
GOYALALUM,0,1,1
GPIL,1,1,2
GPPL,0,1,1
GPTHEALTH,0,1,1
GPTINFRA,0,1,1
GRADIENTE,0,1,1
GRANDOAK,0,1,1
GRANULES,1,1,2
GRAPHITE,0,1,1
GRASIM,0,1,1
GRAUWEIL,0,1,1
GRAVISSHO,0,1,1
GRAVITA,1,1,2
GREAVESCOT,0,1,1
GREENLAM,0,1,1
GREENPANEL,0,1,1
GREENPLY,0,1,1
GREENPOWER,0,1,1
GRINDWELL,0,1,1
GRINFRA,0,1,1
GRMOVER,0,1,1
GROBTEA,0,1,1
GROWW,0,0,0
GRPLTD,0,1,1
GRSE,0,0,0
GRWRHITECH,0,1,1
GSFC,0,1,1
GSLSU,0,1,1
GSPCROP,0,1,1
GSS,0,1,1
GTECJAINX,0,1,1
GTL,0,1,1
GTLINFRA,0,1,1
GTPL,0,1,1
GUFICBIO,0,1,1
GUJALKALI,0,1,1
GUJAPOLLO,0,1,1
GUJGASLTD,0,1,1
GUJRAFFIA,0,1,1
GUJTHEM,0,1,1
GULFOILLUB,0,1,1
GULFPETRO,0,1,1
GULPOLY,0,1,1
GVKPIL,0,1,1
GVPIL,0,1,1
GVPTECH,0,1,1
GVT&D,1,1,2
HAL,0,0,0
HALDER,0,1,1
HALDYNGL,0,1,1
HALEOSLABS,0,1,1
HAPPSTMNDS,0,1,1
HAPPYFORGE,0,1,1
HARDWYN,0,1,1
HARIOMPIPE,0,1,1
HARRMALAYA,0,1,1
HARSHA,0,1,1
HATHWAY,0,1,1
HATSUN,0,1,1
HAVELLS,1,1,2
HAVISHA,0,1,1
HAWKINCOOK,0,1,1
HBESD,0,1,1
HBLENGINE,0,1,1
HBSL,0,1,1
HCC,0,1,1
HCG,0,1,1
HCL-INSYS,0,1,1
HCLTECH,1,1,2
HDBFS,0,0,0
HDFCAMC,0,0,0
HDFCBANK,0,0,0
HDFCLIFE,0,0,0
HDIL,0,1,1
HEADSUP,0,1,1
HEALTHX,0,1,1
HECPROJECT,0,1,1
HEG,1,1,2
HEIDELBERG,0,1,1
HEMIPROP,0,1,1
HERANBA,0,1,1
HERITGFOOD,0,1,1
HEROMOTOCO,1,1,2
HESTERBIO,0,1,1
HEXATRADEX,0,1,1
HEXT,1,1,2
HFCL,1,1,2
HGINFRA,0,1,1
HGM,0,1,1
HGS,0,1,1
HIKAL,0,1,1
HILINFRA,0,1,1
HILTON,0,1,1
HIMATSEIDE,0,1,1
HINDALCO,1,1,2
HINDCOMPOS,0,1,1
HINDCON,0,1,1
HINDCOPPER,1,1,2
HINDOILEXP,0,1,1
HINDPETRO,0,1,1
HINDUNILVR,1,1,2
HINDWAREAP,0,1,1
HINDZINC,0,1,1
HIRECT,0,1,1
HISARMETAL,0,1,1
HITECH,0,1,1
HITECHCORP,0,1,1
HITECHGEAR,0,1,1
HLEGLAS,0,1,1
HLVLTD,0,1,1
HMAAGRO,0,1,1
HMT,0,1,1
HMVL,0,1,1
HNDFDS,0,1,1
HOMEFIRST,0,0,0
HONASA,0,1,1
HONAUT,0,1,1
HONDAPOWER,0,1,1
HPAL,0,1,1
HPIL,0,1,1
HPL,0,1,1
HSCL,1,1,2
HTMEDIA,0,1,1
HUBTOWN,0,1,1
HUDCO,0,0,0
HUHTAMAKI,0,1,1
HYBRIDFIN,0,1,1
HYUNDAI,1,1,2
IBULLSLTD,0,1,1
ICDSLTD,0,1,1
ICEMAKE,0,1,1
ICICIAMC,0,0,0
ICICIBANK,0,0,0
ICICIGI,0,0,0
ICICIPRULI,0,0,0
ICIL,0,1,1
ICRA,0,1,1
IDBI,0,0,0
IDEA,0,1,1
IDEAFORGE,0,1,1
IDFCFIRSTB,0,0,0
IEX,0,0,0
IFBAGRO,0,1,1
IFBIND,0,1,1
IFCI,0,0,0
IFGLEXPOR,0,1,1
IGARASHI,0,1,1
IGCL,0,1,1
IGIL,0,1,1
IGL,1,1,2
IGPL,0,1,1
IIFL,0,0,0
IIFLCAPS,0,0,0
IITL,0,1,1
IKIO,0,1,1
IKS,0,1,1
IL&FSENGG,0,1,1
IL&FSTRANS,0,1,1
IMAGICAA,0,1,1
IMFA,0,1,1
IMPAL,0,1,1
IMPEXFERRO,0,1,1
INA,0,1,1
INCREDIBLE,0,1,1
INDBANK,0,1,1
INDGN,0,1,1
INDHOTEL,0,1,1
INDIACEM,0,1,1
INDIAGLYCO,0,1,1
INDIAMART,0,1,1
INDIANB,0,0,0
INDIANCARD,0,1,1
INDIANHUME,0,1,1
INDIASHLTR,0,0,0
INDIGO,0,1,1
INDIGOPNTS,0,1,1
INDIQUBE,0,1,1
INDNIPPON,0,1,1
INDOAMIN,0,1,1
INDOBORAX,0,1,1
INDOCO,0,1,1
INDOFARM,0,1,1
INDORAMA,0,1,1
INDOSTAR,0,1,1
INDOTECH,0,1,1
INDOTHAI,0,1,1
INDOUS,0,1,1
INDOWIND,0,1,1
INDPRUD,0,1,1
INDRAMEDCO,0,1,1
INDSWFTLAB,0,1,1
INDTERRAIN,0,1,1
INDUSINDBK,0,0,0
INDUSTOWER,1,1,2
INFOBEAN,0,1,1
INFOMEDIA,0,1,1
INFY,1,1,2
INGERRAND,0,1,1
INNOVACAP,0,1,1
INNOVANA,0,1,1
INNOVISION,0,1,1
INOXGREEN,0,1,1
INOXINDIA,0,1,1
INOXWIND,1,1,2
INSECTICID,0,1,1
INSPIRISYS,0,1,1
INTELLECT,0,1,1
INTENTECH,0,1,1
INTERARCH,0,1,1
INTLCONV,0,1,1
INVENTURE,0,1,1
INVPRECQ,0,1,1
IOB,0,0,0
IOC,0,1,1
IOLCP,0,1,1
IONEXCHANG,0,1,1
IPCALAB,1,1,2
IPL,0,1,1
IRB,0,1,1
IRCON,0,1,1
IRCTC,0,1,1
IREDA,0,0,0
IRFC,0,0,0
IRIS,0,1,1
IRISDOREME,0,1,1
IRMENERGY,0,1,1
ISFT,0,1,1
ISGEC,0,1,1
ISHANCH,0,1,1
ITC,0,1,1
ITCHOTELS,0,1,1
ITDC,0,1,1
ITI,1,1,2
IVALUE,0,1,1
IVC,0,1,1
IVP,0,1,1
IWP,0,1,1
IXIGO,0,1,1
IZMO,0,1,1
J&KBANK,0,0,0
JAGRAN,0,1,1
JAGSNPHARM,0,1,1
JAIBALAJI,0,1,1
JAICORPLTD,0,1,1
JAINREC,0,1,1
JAIPURKURT,0,1,1
JAMNAAUTO,0,1,1
JARO,0,1,1
JASH,0,1,1
JAYAGROGN,0,1,1
JAYBARMARU,0,1,1
JAYKAY,0,1,1
JAYNECOIND,0,1,1
JAYSREETEA,0,1,1
JBCHEPHARM,1,1,2
JBMA,0,1,1
JETFREIGHT,0,1,1
JGCHEM,0,1,1
JHS,0,1,1
JINDALPHOT,0,1,1
JINDALPOLY,0,1,1
JINDALSAW,1,1,2
JINDALSTEL,1,1,2
JINDRILL,0,1,1
JINDWORLD,0,1,1
JIOFIN,0,0,0
JISLDVREQS,0,1,1
JISLJALEQS,0,1,1
JITFINFRA,0,1,1
JKCEMENT,0,1,1
JKIL,0,1,1
JKIPL,0,1,1
JKLAKSHMI,0,1,1
JKPAPER,0,1,1
JKTYRE,0,1,1
JLHL,0,1,1
JMA,0,1,1
JMFINANCIL,0,0,0
JNKINDIA,0,1,1
JOCIL,0,1,1
JPOLYINVST,0,1,1
JPPOWER,0,1,1
JSFB,0,0,0
JSL,1,1,2
JSLL,0,1,1
JSWCEMENT,0,1,1
JSWDULUX,1,1,2
JSWENERGY,0,1,1
JSWHL,0,1,1
JSWINFRA,0,1,1
JSWSTEEL,0,1,1
JTEKTINDIA,0,1,1
JTLIND,0,1,1
JUBLCPL,0,1,1
JUBLFOOD,0,1,1
JUBLINGREA,1,1,2
JUBLPHARMA,1,1,2
JUNIPER,0,1,1
JUSTDIAL,0,1,1
JWL,1,1,2
JYOTHYLAB,0,1,1
JYOTICNC,1,1,2
JYOTISTRUC,0,1,1
KABRAEXTRU,0,1,1
KAJARIACER,1,1,2
KAKATCEM,0,1,1
KALAMANDIR,0,1,1
KALPATARU,0,1,1
KALYANI,0,1,1
KALYANIFRG,0,1,1
KALYANKJIL,0,1,1
KAMAHOLD,0,1,1
KAMATHOTEL,0,1,1
KAMDHENU,0,1,1
KAMOPAINTS,0,1,1
KANANIIND,0,1,1
KANCHI,0,1,1
KANORICHEM,0,1,1
KANPRPLA,0,1,1
KANSAINER,0,1,1
KAPSTON,0,1,1
KARMAENG,0,1,1
KARURVYSYA,0,0,0
KAUSHALYA,0,1,1
KAVDEFENCE,0,1,1
KAYA,0,1,1
KAYNES,0,1,1
KCP,0,1,1
KCPSUGIND,0,1,1
KDDL,0,1,1
KEC,1,1,2
KECL,0,1,1
KEEPLEARN,0,1,1
KEI,1,1,2
KELLTONTEC,0,1,1
KENNAMET,0,1,1
KERNEX,0,1,1
KESORAMIND,0,1,1
KEYFINSERV,0,1,1
KFINTECH,0,0,0
KHADIM,0,1,1
KHAICHEM,0,1,1
KHAITANLTD,0,1,1
KHANDSE,0,1,1
KICL,0,1,1
KILITCH,0,1,1
KIMS,0,1,1
KINGFA,0,1,1
KIOCL,0,1,1
KIRANVYPAR,0,1,1
KIRIINDUS,0,1,1
KIRLFER,0,1,1
KIRLOSBROS,0,1,1
KIRLOSENG,0,1,1
KIRLOSIND,0,1,1
KIRLPNU,0,1,1
KISSHT,0,1,1
KITEX,0,1,1
KKCL,0,1,1
KLBRENG-B,0,1,1
KMEW,0,1,1
KMSUGAR,0,1,1
KNAGRI,0,1,1
KNRCON,0,1,1
KOHINOOR,0,1,1
KOKUYOCMLN,0,1,1
KOLTEPATIL,0,1,1
KOPRAN,0,1,1
KOTAKBANK,0,0,0
KOTARISUG,0,1,1
KOTHARIPET,0,1,1
KOTHARIPRO,0,1,1
KOTIC,0,1,1
KOTYARK,0,1,1
KOVAI,0,1,1
KPEL,0,1,1
KPIGREEN,0,1,1
KPIL,1,1,2
KPITTECH,1,1,2
KPL,0,1,1
KPRMILL,0,1,1
KRBL,0,1,1
KREBSBIO,0,1,1
KRIDHANINF,0,1,1
KRISHANA,0,1,1
KRISHIVAL,0,1,1
KRISHNADEF,0,1,1
KRITI,0,1,1
KRITIKA,0,1,1
KRITINUT,0,1,1
KRN,0,1,1
KRONOX,0,1,1
KROSS,0,1,1
KRSNAA,0,1,1
KRYSTAL,0,1,1
KSB,0,1,1
KSCL,0,1,1
KSHINTL,0,1,1
KSHITIJPOL,0,1,1
KSL,0,1,1
KSOLVES,0,1,1
KSR,0,1,1
KTKBANK,0,0,0
KUANTUM,0,1,1
KWIL,0,1,1
LAGNAM,0,1,1
LAHOTIOV,0,1,1
LAKPRE,0,1,1
LAL,0,1,1
LALPATHLAB,0,1,1
LAMBODHARA,0,1,1
LANCORHOL,0,1,1
LANDMARK,0,1,1
LANDSMILL,0,1,1
LAOPALA,0,1,1
LASA,0,1,1
LATENTVIEW,0,1,1
LATTEYS,0,1,1
LAURUSLABS,0,1,1
LAXMICOT,0,1,1
LAXMIDENTL,0,1,1
LAXMIINDIA,0,1,1
LCCINFOTEC,0,1,1
LEMERITE,0,1,1
LEMONTREE,0,1,1
LENSKART,0,1,1
LEXUS,0,1,1
LFIC,0,1,1
LGBBROSLTD,0,1,1
LGEINDIA,0,1,1
LGHL,0,1,1
LIBAS,0,1,1
LIBERTSHOE,0,1,1
LICHSGFIN,0,0,0
LICI,0,0,0
LIKHITHA,0,1,1
LINC,0,1,1
LINCOLN,0,1,1
LINDEINDIA,1,1,2
LLOYDSENGG,0,1,1
LLOYDSENT,0,1,1
LLOYDSME,1,1,2
LMW,0,1,1
LODHA,1,1,2
LOKESHMACH,0,1,1
LORDSCHLO,0,1,1
LOTUSDEV,0,1,1
LOTUSEYE,0,1,1
LOVABLE,0,1,1
LOYALTEX,0,1,1
LPDC,0,1,1
LT,0,1,1
LTF,0,0,0
LTFOODS,1,1,2
LTM,1,1,2
LTTS,1,1,2
LUMAXIND,0,1,1
LUMAXTECH,0,1,1
LUPIN,1,1,2
LUXIND,0,1,1
LXCHEM,0,1,1
LYKALABS,0,1,1
LYPSAGEMS,0,1,1
M&M,0,1,1
M&MFIN,0,0,0
MAANALU,0,1,1
MACPOWER,0,1,1
MADHAV,0,1,1
MADHAVIPL,0,1,1
MADHUCON,0,1,1
MADRASFERT,0,1,1
MAFATIND,0,1,1
MAGADSUGAR,0,1,1
MAGNUM,0,1,1
MAHABANK,0,0,0
MAHAPEXLTD,0,1,1
MAHASTEEL,0,1,1
MAHEPC,0,1,1
MAHESHWARI,0,1,1
MAHLIFE,0,1,1
MAHLOG,0,1,1
MAHSCOOTER,0,0,0
MAHSEAMLES,0,1,1
MAITHANALL,0,1,1
MAJESAUT,0,1,1
MALLCOM,0,1,1
MALUPAPER,0,1,1
MAMATA,0,1,1
MANAKALUCO,0,1,1
MANAKCOAT,0,1,1
MANAKSIA,0,1,1
MANAKSTEEL,0,1,1
MANALIPETC,0,1,1
MANAPPURAM,0,0,0
MANBA,0,1,1
MANCREDIT,0,1,1
MANGALAM,0,1,1
MANGLMCEM,0,1,1
MANINDS,0,1,1
MANINFRA,0,1,1
MANKIND,0,1,1
MANOMAY,0,1,1
MANORAMA,0,1,1
MANORG,0,1,1
MANUGRAPH,0,1,1
MANYAVAR,0,1,1
MAPMYINDIA,0,1,1
MARALOVER,0,1,1
MARATHON,0,1,1
MARICO,1,1,2
MARINE,0,1,1
MARKOLINES,0,1,1
MARKSANS,0,1,1
MARSONS,0,1,1
MARUTI,0,1,1
MASFIN,0,1,1
MASKINVEST,0,1,1
MASTEK,0,1,1
MASTERTR,0,1,1
MATRIMONY,0,1,1
MAWANASUG,0,1,1
MAXESTATES,0,1,1
MAXHEALTH,1,1,2
MAXIND,0,1,1
MAYURUNIQ,0,1,1
MAZDA,0,1,1
MAZDOCK,0,1,1
MBAPL,0,1,1
MBEL,0,1,1
MBLINFRA,0,1,1
MCCHRLS-B,0,1,1
MCL,0,1,1
MCLEODRUSS,0,1,1
MCLOUD,0,1,1
MCX,0,0,0
MEDANTA,1,1,2
MEDIASSIST,0,1,1
MEDICAMEQ,0,1,1
MEDICO,0,1,1
MEDPLUS,0,1,1
MEESHO,0,1,1
MEGASTAR,0,1,1
MEIL,0,1,1
MENNPIS,0,1,1
MENONBE,0,1,1
MEP,0,1,1
MERCANTILE,0,1,1
METROBRAND,0,1,1
METROGLOBL,0,1,1
METROPOLIS,0,1,1
MFML,0,1,1
MFSL,0,0,0
MGEL,0,1,1
MGL,1,1,2
MHLXMIRU,0,1,1
MHRIL,0,1,1
MICEL,0,1,1
MIDHANI,0,1,1
MIDWESTLTD,0,1,1
MINDACORP,0,1,1
MINDTECK,0,1,1
MIRCELECTR,0,1,1
MIRZAINT,0,1,1
MITCON,0,1,1
MITTAL,0,1,1
MKPL,0,1,1
MMFL,0,1,1
MMP,0,1,1
MMTC,0,1,1
MMWL,0,1,1
MOBIKWIK,0,1,1
MODINATUR,0,1,1
MODIRUBBER,0,1,1
MODIS,0,1,1
MODISONLTD,0,1,1
MODTHREAD,0,1,1
MOHITIND,0,1,1
MOIL,0,1,1
MOKSH,0,1,1
MOL,0,1,1
MOLDTECH,0,1,1
MOLDTKPAC,0,1,1
MONARCH,0,1,1
MONEYBOXX,0,1,1
MONTECARLO,0,1,1
MORARJEE,0,1,1
MOREPENLAB,0,1,1
MOSCHIP,0,1,1
MOTHERSON,1,1,2
MOTILALOFS,0,0,0
MOTISONS,0,1,1
MOTOGENFIN,0,1,1
MPHASIS,1,1,2
MPSLTD,0,1,1
MRF,1,1,2
MRPL,0,1,1
MSPL,0,1,1
MSTCLTD,0,1,1
MSUMI,1,1,2
MTARTECH,0,1,1
MTEDUCARE,0,1,1
MTNL,0,1,1
MUFIN,0,1,1
MUFTI,0,1,1
MUKANDLTD,0,1,1
MUKKA,0,1,1
MUKTAARTS,0,1,1
MUNJALAU,0,1,1
MUNJALSHOW,0,1,1
MURUDCERA,0,1,1
MUTHOOTCAP,0,1,1
MUTHOOTFIN,0,0,0
MUTHOOTMF,0,1,1
MVGJL,0,1,1
MWL,0,1,1
NACLIND,0,1,1
NAGAFERT,0,1,1
NAGREEKCAP,0,1,1
NAGREEKEXP,0,1,1
NAHARCAP,0,1,1
NAHARINDUS,0,1,1
NAHARPOLY,0,1,1
NAHARSPING,0,1,1
NAM-INDIA,0,0,0
NARMADA,0,1,1
NATCAPSUQ,0,1,1
NATCOPHARM,0,1,1
NATHBIOGEN,0,1,1
NATIONALUM,1,1,2
NATIONSTD,0,1,1
NAUKRI,0,1,1
NAVA,1,1,2
NAVINFLUOR,0,1,1
NAVKARCORP,0,1,1
NAVKARURB,0,1,1
NAVNETEDUL,0,1,1
NAZARA,0,1,1
NBCC,1,1,2
NBIFIN,0,1,1
NCC,1,1,2
NCLIND,0,1,1
NDGL,0,1,1
NDL,0,1,1
NDLVENTURE,0,1,1
NDRAUTO,0,1,1
NDTV,0,1,1
NEAGI,0,1,1
NECCLTD,0,1,1
NECLIFE,0,1,1
NELCAST,0,1,1
NELCO,0,1,1
NEOGEN,0,1,1
NEPHROPLUS,0,1,1
NESCO,0,1,1
NESTLEIND,1,1,2
NETWEB,1,1,2
NETWORK18,0,1,1
NEULANDLAB,1,1,2
NEWGEN,0,1,1
NEXTMEDIA,0,1,1
NFL,0,1,1
NGIL,0,1,1
NGLFINE,0,1,1
NH,0,1,1
NHPC,0,1,1
NIACL,0,0,0
NIBE,0,1,1
NIBL,0,1,1
NIITLTD,0,1,1
NIITMTS,0,1,1
NILAINFRA,0,1,1
NILASPACES,0,1,1
NILE,0,1,1
NILKAMAL,0,1,1
NIMBSPROJ,0,1,1
NINSYS,0,1,1
NIPPOBATRY,0,1,1
NIRAJ,0,1,1
NIRAJISPAT,0,1,1
NIRLON,0,1,1
NITCO,0,1,1
NITINSPIN,0,1,1
NITIRAJ,0,1,1
NITTAGELA,0,1,1
NIVABUPA,0,0,0
NKIND,0,1,1
NLCINDIA,0,1,1
NMDC,0,1,1
NOCIL,0,1,1
NOIDATOLL,0,1,1
NORBTEAEXP,0,1,1
NORTHARC,0,1,1
NOVAAGRI,0,1,1
NOVARTIND,0,1,1
NPST,0,1,1
NRAIL,0,1,1
NRBBEARING,0,1,1
NRL,0,1,1
NSIL,0,1,1
NSLNISP,1,1,2
NTPC,0,1,1
NTPCGREEN,0,1,1
NUCLEUS,0,1,1
NURECA,0,1,1
NUVAMA,0,0,0
NUVOCO,1,1,2
NYKAA,0,1,1
OAL,0,1,1
OBCL,0,1,1
OBEROIRLTY,0,1,1
OCCLLTD,0,1,1
ODIGMA,0,1,1
OFSS,0,1,1
OIL,0,1,1
OILCOUNTUB,0,1,1
OLAELEC,0,1,1
OLECTRA,1,1,2
OMAXAUTO,0,1,1
OMAXE,0,1,1
OMFREIGHT,0,1,1
OMINFRAL,0,1,1
OMNI,0,1,1
OMPOWER,0,1,1
ONELIFECAP,0,1,1
ONEPOINT,0,1,1
ONESOURCE,0,1,1
ONGC,1,1,2
ONMOBILE,0,1,1
ONWARDTEC,0,1,1
OPTIEMUS,0,1,1
ORBTEXP,0,1,1
ORCHASP,0,1,1
ORCHPHARMA,0,1,1
ORICONENT,0,1,1
ORIENTALTL,0,1,1
ORIENTBELL,0,1,1
ORIENTCEM,0,1,1
ORIENTCER,0,1,1
ORIENTELEC,0,1,1
ORIENTHOT,0,1,1
ORIENTLTD,0,1,1
ORIENTPPR,0,1,1
ORIENTTECH,0,1,1
ORISSAMINE,0,1,1
ORKLAINDIA,0,1,1
ORTEL,0,1,1
ORTINGLOBE,0,1,1
OSIAHYPER,0,1,1
OSWALAGRO,0,1,1
OSWALGREEN,0,1,1
OSWALPUMPS,0,1,1
OSWALSEEDS,0,1,1
PACEDIGITK,0,1,1
PAGEIND,1,1,2
PAISALO,0,1,1
PAKKA,0,1,1
PALASHSECU,0,1,1
PALREDTEC,0,1,1
PANACEABIO,0,1,1
PANACHE,0,1,1
PANAMAPET,0,1,1
PANSARI,0,1,1
PAR,0,1,1
PARACABLES,0,1,1
PARADEEP,0,1,1
PARAGMILK,0,1,1
PARAS,0,1,1
PARASPETRO,0,1,1
PARKHOSPS,0,1,1
PARKHOTELS,0,1,1
PARSVNATH,0,1,1
PASHUPATI,0,1,1
PASUPTAC,0,1,1
PATANJALI,1,1,2
PATELENG,0,1,1
PATELRMART,0,1,1
PATINTLOG,0,1,1
PAUSHAKLTD,0,1,1
PAVNAIND,0,1,1
PAYTM,0,0,0
PCBL,0,1,1
PCJEWELLER,0,1,1
PDMJEPAPER,0,1,1
PDSL,0,1,1
PEARLPOLY,0,1,1
PENIND,0,1,1
PENINLAND,0,1,1
PERSISTENT,1,1,2
PETRONET,1,1,2
PFC,0,0,0
PFIZER,0,1,1
PFOCUS,0,1,1
PFS,0,1,1
PGEL,1,1,2
PGHH,0,1,1
PGHL,0,1,1
PGIL,0,1,1
PHOENIXLTD,0,1,1
PICCADIL,0,1,1
PIDILITIND,1,1,2
PIGL,0,1,1
PIIND,0,1,1
PILANIINVS,0,1,1
PILITA,0,1,1
PINELABS,0,0,0
PIONEEREMB,0,1,1
PIONRINV,0,1,1
PIRAMALFIN,0,0,0
PITTIENG,0,1,1
PIXTRANS,0,1,1
PKTEA,0,1,1
PLASTIBLEN,0,1,1
PLATIND,0,1,1
PLAZACABLE,0,1,1
PML,0,1,1
PNB,0,0,0
PNBGILTS,0,1,1
PNBHOUSING,0,0,0
PNC,0,1,1
PNCINFRA,0,1,1
PNGJL,0,1,1
PNGSREVA,0,1,1
POCL,0,1,1
PODDARMENT,0,1,1
POKARNA,0,1,1
POLICYBZR,0,0,0
POLYCAB,1,1,2
POLYMED,0,1,1
POLYPLEX,0,1,1
PONNIERODE,0,1,1
POONAWALLA,0,0,0
POWERGRID,0,1,1
POWERICA,0,1,1
POWERINDIA,1,1,2
POWERMECH,0,1,1
PPAP,0,1,1
PPL,0,1,1
PPLPHARMA,0,1,1
PRABHA,0,1,1
PRADPME,0,1,1
PRAENG,0,1,1
PRAJIND,0,1,1
PRAKASH,0,1,1
PRAKASHSTL,0,1,1
PRAVEG,0,1,1
PRAXIS,0,1,1
PRECAM,0,1,1
PRECOT,0,1,1
PRECWIRE,0,1,1
PREMCO,0,1,1
PREMEXPLN,0,1,1
PREMIER,0,1,1
PREMIERENE,0,1,1
PREMIERPOL,0,1,1
PRESTIGE,0,1,1
PRICOLLTD,0,1,1
PRIMESECU,0,1,1
PRIMO,0,1,1
PRINCEPIPE,0,1,1
PRITI,0,1,1
PRITIKAUTO,0,1,1
PRIVISCL,0,1,1
PROSTARM,0,1,1
PROTEAN,0,1,1
PROZONER,0,1,1
PRSMJOHNSN,0,1,1
PRUDENT,0,0,0
PRUDMOULI,0,1,1
PSB,0,1,1
PSPPROJECT,0,1,1
PTC,0,1,1
PTCIL,0,1,1
PTL,0,1,1
PUNJABCHEM,0,1,1
PURVA,0,1,1
PVP,0,1,1
PVRINOX,0,1,1
PVSL,0,1,1
PWL,0,1,1
PYRAMID,0,1,1
QPOWER,0,1,1
QUADFUTURE,0,1,1
QUESS,0,1,1
QUICKHEAL,0,1,1
QUINT,0,1,1
RACE,0,1,1
RACLGEAR,0,1,1
RADAAN,0,1,1
RADHIKAJWE,0,1,1
RADIANTCMS,0,1,1
RADICO,0,1,1
RADIOCITY,0,1,1
RAILTEL,1,1,2
RAIN,0,1,1
RAINBOW,0,1,1
RAJESHEXPO,0,1,1
RAJMET,0,1,1
RAJOOENG,0,1,1
RAJPALAYAM,0,1,1
RAJRATAN,0,1,1
RAJRILTD,0,1,1
RAJSREESUG,0,1,1
RAJTV,0,1,1
RALLIS,0,1,1
RAMANEWS,0,1,1
RAMAPHO,0,1,1
RAMASTEEL,0,1,1
RAMCOCEM,0,1,1
RAMCOIND,0,1,1
RAMCOSYS,0,1,1
RAMKY,0,1,1
RAMRAT,0,1,1
RANASUG,0,1,1
RANEHOLDIN,0,1,1
RATEGAIN,0,1,1
RATNAMANI,0,1,1
RATNAVEER,0,1,1
RAYMOND,0,1,1
RAYMONDLSL,0,1,1
RAYMONDREL,0,1,1
RBA,0,1,1
RBLBANK,0,0,0
RBZJEWEL,0,1,1
RCF,0,1,1
RCOM,0,1,1
RECLTD,0,0,0
REDINGTON,1,1,2
REDTAPE,0,1,1
REFEX,0,1,1
REGAAL,0,1,1
REGENCERAM,0,1,1
RELAXO,0,1,1
RELCHEMQ,0,1,1
RELIABLE,0,1,1
RELIANCE,0,1,1
RELIGARE,0,0,0
RELTD,0,1,1
REMSONSIND,0,1,1
RENUKA,0,1,1
REPCOHOME,0,1,1
REPL,0,1,1
REPRO,0,1,1
RESPONIND,0,1,1
RETAIL,0,1,1
RGL,0,1,1
RHETAN,0,1,1
RHFL,0,1,1
RHIM,1,1,2
RHL,0,1,1
RICOAUTO,0,1,1
RIIL,0,1,1
RISHABH,0,1,1
RITCO,0,1,1
RITES,0,1,1
RKDL,0,1,1
RKEC,0,1,1
RKFORGE,0,1,1
RKSWAMY,0,1,1
RMC,0,1,1
RMDRIP,0,1,1
RML,0,1,1
RNBDENIMS,0,1,1
ROHLTD,0,1,1
ROLEXRINGS,0,1,1
ROLLT,0,1,1
ROML,0,1,1
ROSSARI,0,1,1
ROSSELLIND,0,1,1
ROSSTECH,0,1,1
ROTO,0,1,1
ROUTE,0,1,1
RPEL,0,1,1
RPGLIFE,0,1,1
RPOWER,0,1,1
RPPINFRA,0,1,1
RPPL,0,1,1
RPSGVENT,0,1,1
RPTECH,0,1,1
RRIL,0,1,1
RRKABEL,1,1,2
RSDFIN,0,1,1
RSL,0,1,1
RSSOFTWARE,0,1,1
RSWM,0,1,1
RSYSTEMS,0,1,1
RTNINDIA,0,1,1
RTNPOWER,0,1,1
RUBFILA,0,1,1
RUBICON,0,1,1
RUBYMILLS,0,1,1
RUCHINFRA,0,1,1
RUCHIRA,0,1,1
RUDRA,0,1,1
RUPA,0,1,1
RUSHIL,0,1,1
RUSTOMJEE,0,1,1
RVHL,0,1,1
RVNL,1,1,2
RVTH,0,1,1
S&SPOWER,0,1,1
SAATVIKGL,0,1,1
SADBHAV,0,1,1
SADBHIN,0,1,1
SADHNANIQ,0,1,1
SAFARI,0,1,1
SAGARDEEP,0,1,1
SAGCEM,0,1,1
SAGILITY,1,1,2
SAHLIBHFI,0,1,1
SAHYADRI,0,1,1
SAIL,1,1,2
SAILIFE,1,1,2
SAIPARENT,0,1,1
SAKAR,0,1,1
SAKHTISUG,0,1,1
SAKSOFT,0,1,1
SAKUMA,0,1,1
SALASAR,0,1,1
SALONA,0,1,1
SALSTEEL,0,1,1
SALZERELEC,0,1,1
SAMBHAAV,0,1,1
SAMBHV,0,1,1
SAMHI,0,1,1
SAMMAANCAP,0,0,0
SAMPANN,0,1,1
SANATHAN,0,1,1
SANCO,0,1,1
SANDESH,0,1,1
SANDHAR,0,1,1
SANDUMA,0,1,1
SANGAMIND,0,1,1
SANGHVIMOV,0,1,1
SANGINITA,0,1,1
SANOFI,0,1,1
SANOFICONR,0,1,1
SANSERA,0,1,1
SANSTAR,0,1,1
SANWARIA,0,1,1
SAPPHIRE,0,1,1
SAPPL,0,1,1
SARDAEN,0,1,1
SAREGAMA,0,1,1
SARLAPOLY,0,1,1
SARVESHWAR,0,1,1
SASKEN,0,1,1
SATIA,0,1,1
SATIN,0,1,1
SAURASHCEM,0,1,1
SAYAJIHOTL,0,1,1
SBC,0,1,1
SBCL,0,1,1
SBFC,0,0,0
SBGLP,0,1,1
SBICARD,0,0,0
SBILIFE,0,0,0
SBIN,0,0,0
SCANSTL,0,1,1
SCHAEFFLER,1,1,2
SCHAND,0,1,1
SCHNEIDER,0,1,1
SCI,1,1,2
SCILAL,0,1,1
SCODATUBES,0,1,1
SCPL,0,1,1
SDBL,0,1,1
SEAMECLTD,0,1,1
SECMARK,0,1,1
SECURKLOUD,0,1,1
SEDEMAC,0,1,1
SEIL,0,1,1
SEJALLTD,0,1,1
SELMC,0,1,1
SEMAC,0,1,1
SENCO,0,1,1
SENORES,0,1,1
SEPC,0,1,1
SERVOTECH,0,1,1
SESHAPAPER,0,1,1
SETCO,0,1,1
SETL,0,1,1
SEYAIND,0,1,1
SFL,0,1,1
SGFIN,0,1,1
SGIL,0,1,1
SGL,0,1,1
SGMART,0,1,1
SHADOWFAX,0,1,1
SHAH,0,1,1
SHAHALLOYS,0,1,1
SHAILY,0,1,1
SHAKTIPUMP,0,1,1
SHALBY,0,1,1
SHALPAINTS,0,1,1
SHANKARA,0,1,1
SHANTI,0,1,1
SHANTIGEAR,0,1,1
SHANTIGOLD,0,1,1
SHARDACROP,0,1,1
SHARDAMOTR,0,1,1
SHARDUL,0,1,1
SHAREINDIA,0,0,0
SHBAJRG,0,1,1
SHEKHAWATI,0,1,1
SHEMAROO,0,1,1
SHILCTECH,0,1,1
SHILPAMED,0,1,1
SHINDL,0,1,1
SHIVALIK,0,1,1
SHIVAMAUTO,0,1,1
SHIVAMILLS,0,1,1
SHIVATEX,0,1,1
SHIVAUM,0,1,1
SHK,0,1,1
SHOPERSTOP,0,1,1
SHRADHA,0,1,1
SHREDIGCEM,0,1,1
SHREECEM,0,1,1
SHREEJISPG,0,1,1
SHREEPUSHK,0,1,1
SHREERAMA,0,1,1
SHRENIK,0,1,1
SHREYANIND,0,1,1
SHRIKRISH,0,1,1
SHRINGARMS,0,1,1
SHRIPISTON,0,1,1
SHRIRAMFIN,0,0,0
SHRIRAMPPS,0,1,1
SHYAMCENT,0,1,1
SHYAMMETL,1,1,2
SHYAMTEL,0,1,1
SICAGEN,0,1,1
SICALLOG,0,1,1
SIEMENS,0,1,1
SIGACHI,0,1,1
SIGIND,0,1,1
SIGMA,0,1,1
SIGMAADV,0,1,1
SIGNATURE,0,1,1
SIGNPOST,0,1,1
SIKA,0,1,1
SIKKO,0,1,1
SIL,0,1,1
SILGO,0,1,1
SILINV,0,1,1
SILLYMONKS,0,1,1
SILVERTUC,0,1,1
SIMPLEXINF,0,1,1
SINCLAIR,0,1,1
SINDHUTRAD,0,1,1
SINGERIND,0,1,1
SINTERCOM,0,1,1
SIRCA,0,1,1
SIS,0,1,1
SITINET,0,1,1
SIYSIL,0,1,1
SJS,0,1,1
SJVN,0,1,1
SKFINDIA,0,1,1
SKFINDUS,0,1,1
SKIPPER,0,1,1
SKMEGGPROD,0,1,1
SKYGOLD,0,1,1
SMARTLINK,0,1,1
SMARTWORKS,0,1,1
SMCGLOBAL,0,1,1
SMLMAH,0,1,1
SMLT,0,1,1
SMSPHARMA,0,1,1
SNOWMAN,0,1,1
SOBHA,1,1,2
SOFTTECH,0,1,1
SOLARA,0,1,1
SOLARINDS,0,1,1
SOLARWORLD,0,1,1
SOLEX,0,1,1
SOMANYCERA,0,1,1
SOMATEX,0,1,1
SOMICONVEY,0,1,1
SONACOMS,0,1,1
SONAL,0,1,1
SONAMLTD,0,1,1
SONATSOFTW,1,1,2
SOTL,0,1,1
SOUTHBANK,0,0,0
SOUTHWEST,0,1,1
SPAL,0,1,1
SPANDANA,0,1,1
SPARC,0,1,1
SPCENET,0,1,1
SPECIALITY,0,1,1
SPECTRUM,0,1,1
SPENCERS,0,1,1
SPIC,0,1,1
SPLIL,0,1,1
SPLPETRO,1,1,2
SPMLINFRA,0,1,1
SPORTKING,0,1,1
SRD,0,1,1
SREEL,0,1,1
SRF,1,1,2
SRGHFL,0,1,1
SRHHYPOLTD,0,1,1
SRM,0,1,1
SRTL,0,1,1
SSDL,0,1,1
SSWL,0,1,1
STALLION,0,1,1
STANLEY,0,1,1
STAR,0,1,1
STARCEMENT,0,1,1
STARHEALTH,0,0,0
STARPAPER,0,1,1
STARTECK,0,1,1
STCINDIA,0,1,1
STEELCAS,0,1,1
STEELCITY,0,1,1
STEELXIND,0,1,1
STEL,0,1,1
STERTOOLS,0,1,1
STLNETWORK,0,1,1
STLTECH,0,1,1
STOVEKRAFT,0,1,1
STUDDS,0,1,1
STYL,0,0,0
STYLAMIND,0,1,1
STYLEBAAZA,0,1,1
STYRENIX,0,1,1
SUBEXLTD,0,1,1
SUBROS,0,1,1
SUDARCOLOR,0,1,1
SUDARSCHEM,0,1,1
SUDEEPPHRM,0,1,1
SUKHJITS,0,1,1
SULA,0,1,1
SUMEETINDS,0,1,1
SUMICHEM,0,1,1
SUMIT,0,1,1
SUMMITSEC,0,1,1
SUNCLAY,0,1,1
SUNDARAM,0,1,1
SUNDARMFIN,0,0,0
SUNDRMBRAK,0,1,1
SUNDRMFAST,0,1,1
SUNDROP,0,1,1
SUNFLAG,0,1,1
SUNPHARMA,1,1,2
SUNTECK,0,1,1
SUNTV,0,1,1
SUPERHOUSE,0,1,1
SUPERSPIN,0,1,1
SUPRAJIT,0,1,1
SUPREME,0,1,1
SUPREMEENG,0,1,1
SUPREMEIND,1,1,2
SUPREMEINF,0,1,1
SUPRIYA,0,1,1
SURAJEST,0,1,1
SURAJLTD,0,1,1
SURAKSHA,0,1,1
SURANASOL,0,1,1
SURANAT&P,0,1,1
SURYALA,0,1,1
SURYALAXMI,0,1,1
SURYAROSNI,0,1,1
SURYODAY,0,1,1
SUTLEJTEX,0,1,1
SUVEN,0,1,1
SUVIDHAA,0,1,1
SUYOG,0,1,1
SUZLON,1,1,2
SVLL,0,1,1
SVPGLOB,0,1,1
SWANCORP,1,1,2
SWANDEF,0,1,1
SWARAJENG,0,1,1
SWELECTES,0,1,1
SWIGGY,1,1,2
SWSOLAR,0,1,1
SYMPHONY,0,1,1
SYNCOMF,0,1,1
SYNGENE,1,1,2
SYRMA,1,1,2
SYSTMTXC,0,1,1
TAALTECH,0,1,1
TAINWALCHM,0,1,1
TAJGVK,0,1,1
TAKE,0,1,1
TALBROAUTO,0,1,1
TAMBOLIIN,0,1,1
TANLA,0,1,1
TARACHAND,0,1,1
TARAPUR,0,1,1
TARC,0,1,1
TARIL,1,1,2
TARMAT,0,1,1
TARSONS,0,1,1
TASTYBITE,0,1,1
TATACAP,0,0,0
TATACHEM,1,1,2
TATACOMM,0,1,1
TATACONSUM,1,1,2
TATAELXSI,0,1,1
TATAINVEST,0,0,0
TATAPOWER,0,1,1
TATASTEEL,0,1,1
TATATECH,1,1,2
TATVA,0,1,1
TBOTEK,1,1,2
TBZ,0,1,1
TCC,0,1,1
TCI,0,1,1
TCIEXP,0,1,1
TCIFINANCE,0,1,1
TCPLPACK,0,1,1
TCS,1,1,2
TDPOWERSYS,0,1,1
TEAMGTY,0,1,1
TEAMLEASE,0,1,1
TECHM,1,1,2
TECHNOE,0,1,1
TECHNVISN,0,1,1
TECILCHEM,0,1,1
TEGA,1,1,2
TEJASNET,0,1,1
TEMBO,0,1,1
TENNIND,1,1,2
TERASOFT,0,1,1
TEXINFRA,0,1,1
TEXMOPIPES,0,1,1
TEXRAIL,0,1,1
TFCILTD,0,1,1
TFL,0,1,1
TGBHOTELS,0,1,1
THACKER,0,1,1
THAKDEV,0,1,1
THANGAMAYL,0,1,1
THEINVEST,0,1,1
THEJO,0,1,1
THELEELA,0,1,1
THEMISMED,0,1,1
THERMAX,1,1,2
THOMASCOOK,0,1,1
THOMASCOTT,0,1,1
THYROCARE,0,1,1
TI,0,1,1
TICL,0,1,1
TIGERLOGS,0,1,1
TIIL,0,1,1
TIINDIA,1,1,2
TIJARIA,0,1,1
TIL,0,1,1
TIMETECHNO,0,1,1
TIMEX,0,1,1
TIMKEN,1,1,2
TINNARUBR,0,1,1
TIPSFILMS,0,1,1
TIPSMUSIC,0,1,1
TIRUMALCHM,0,1,1
TIRUPATIFL,0,1,1
TITAGARH,1,1,2
TITAN,0,1,1
TMB,0,0,0
TMCV,0,1,1
TMPV,1,1,2
TNPETRO,0,1,1
TNPL,0,1,1
TNTELE,0,1,1
TOKYOPLAST,0,1,1
TOLINS,0,1,1
TORNTPHARM,1,1,2
TORNTPOWER,1,1,2
TOTAL,0,1,1
TOUCHWOOD,0,1,1
TPHQ,0,1,1
TPLPLASTEH,0,1,1
TRACXN,0,1,1
TRANSPEK,0,1,1
TRANSRAILL,0,1,1
TRANSWORLD,0,1,1
TRAVELFOOD,0,1,1
TREEHOUSE,0,1,1
TREJHARA,0,1,1
TREL,0,1,1
TRENT,1,1,2
TRF,0,1,1
TRIDENT,1,1,2
TRIGYN,0,1,1
TRITURBINE,0,1,1
TRIVENI,0,1,1
TRU,0,1,1
TRUALT,0,1,1
TSFINV,0,0,0
TTKHLTCARE,0,1,1
TTKPRESTIG,0,1,1
TTL,0,1,1
TTML,0,1,1
TVSELECT,0,1,1
TVSHLTD,0,1,1
TVSMOTOR,0,1,1
TVSSCS,0,1,1
TVSSRICHAK,0,1,1
TVTODAY,0,1,1
TVVISION,0,1,1
UBL,0,1,1
UCAL,0,1,1
UCOBANK,0,0,0
UDS,0,1,1
UEL,0,1,1
UFBL,0,1,1
UFLEX,0,1,1
UFO,0,1,1
UGARSUGAR,0,1,1
UGROCAP,0,1,1
UJJIVANSFB,0,0,0
ULTRACEMCO,1,1,2
ULTRAMAR,0,1,1
UMAEXPORTS,0,1,1
UMESLTD,0,1,1
UMIYA-MRO,0,1,1
UNICHEMLAB,0,1,1
UNIDT,0,1,1
UNIECOM,0,1,1
UNIENTER,0,1,1
UNIINFO,0,1,1
UNIMECH,0,1,1
UNIONBANK,0,0,0
UNIPARTS,0,1,1
UNITDSPR,0,1,1
UNITECH,0,1,1
UNITEDPOLY,0,1,1
UNITEDTEA,0,1,1
UNIVASTU,0,1,1
UNIVCABLES,0,1,1
UNIVPHOTO,0,1,1
UNOMINDA,1,1,2
UPL,0,1,1
URAVIDEF,0,1,1
URBANCO,0,1,1
URJA,0,1,1
USHAMART,1,1,2
USK,0,1,1
UTIAMC,0,0,0
UTKARSHBNK,0,1,1
UTLSOLAR,0,1,1
UTTAMSUGAR,0,1,1
UYFINCORP,0,1,1
V2RETAIL,0,1,1
VADILALIND,0,1,1
VAIBHAVGBL,0,1,1
VAISHALI,0,1,1
VAKRANGEE,0,1,1
VALIANTLAB,0,1,1
VALIANTORG,0,1,1
VARDHACRLC,0,1,1
VARDMNPOLY,0,1,1
VARROC,0,1,1
VASCONEQ,0,1,1
VASWANI,0,1,1
VBL,0,1,1
VCL,0,1,1
VEDL,0,1,1
VEEDOL,0,1,1
VELJAN,0,1,1
VENKEYS,0,1,1
VENTIVE,0,1,1
VENUSPIPES,0,1,1
VENUSREM,0,1,1
VERANDA,0,1,1
VERTOZ,0,1,1
VESUVIUS,0,1,1
VETO,0,1,1
VGL,0,1,1
VGUARD,0,1,1
VHL,0,1,1
VHLTD,0,1,1
VIDHIING,0,1,1
VIDYAWIRES,0,1,1
VIJAYA,0,1,1
VIJIFIN,0,1,1
VIKASECO,0,1,1
VIKASLIFE,0,1,1
VIKRAMSOLR,0,1,1
VIKRAN,0,1,1
VIMTALABS,0,1,1
VINATIORGA,0,1,1
VINCOFE,0,1,1
VINDHYATEL,0,1,1
VINEETLAB,0,1,1
VINNY,0,1,1
VINYLINDIA,0,1,1
VIPCLOTHNG,0,1,1
VIPIND,0,1,1
VIPULLTD,0,1,1
VIRINCHI,0,1,1
VISACHROME,0,1,1
VISAKAIND,0,1,1
VISHNU,0,1,1
VISHWARAJ,0,1,1
VITAL,0,1,1
VIVIDHA,0,1,1
VIVIMEDLAB,0,1,1
VIYASH,0,1,1
VLEGOV,0,1,1
VLSFINANCE,0,1,1
VMART,0,1,1
VMM,1,1,2
VMSTMT,0,1,1
VOLTAMP,0,1,1
VOLTAS,1,1,2
VPRPL,0,1,1
VRAJ,0,1,1
VRLLOG,0,1,1
VSSL,0,1,1
VSTIND,0,1,1
VSTL,0,1,1
VSTTILLERS,0,1,1
VTL,1,1,2
WAAREEENER,0,1,1
WAAREEINDO,0,1,1
WAAREERTL,0,1,1
WABAG,0,1,1
WAKEFIT,0,1,1
WALCHANNAG,0,1,1
WANBURY,0,1,1
WCIL,0,1,1
WEALTH,0,1,1
WEBELSOLAR,0,1,1
WEIZMANIND,0,1,1
WEL,0,1,1
WELCORP,1,1,2
WELENT,0,1,1
WELINV,0,1,1
WELSPLSOL,0,1,1
WELSPUNLIV,1,1,2
WENDT,0,1,1
WESTLIFE,0,1,1
WEWIN,0,1,1
WEWORK,0,1,1
WHEELS,0,1,1
WHIRLPOOL,1,1,2
WILLAMAGOR,0,1,1
WIMPLAST,0,1,1
WINDLAS,0,1,1
WINDMACHIN,0,1,1
WINSOME,0,1,1
WIPL,0,1,1
WIPRO,0,1,1
WOCKPHARMA,1,1,2
WONDERLA,0,1,1
WORTHPERI,0,1,1
WPIL,0,1,1
WSI,0,1,1
WSTCSTPAPR,0,1,1
XCHANGING,0,1,1
XELPMOC,0,1,1
XPROINDIA,0,1,1
XTGLOBAL,0,1,1
YASHO,0,1,1
YATHARTH,0,1,1
YATRA,0,1,1
YESBANK,0,0,0
YUKEN,0,1,1
ZAGGLE,0,1,1
ZEEL,0,1,1
ZEELEARN,0,1,1
ZEEMEDIA,0,1,1
ZENITHEXPO,0,1,1
ZENITHSTL,0,1,1
ZENSARTECH,0,1,1
ZENTEC,0,1,1
ZFCVINDIA,0,1,1
ZFSTEERING,0,1,1
ZIMLAB,0,1,1
ZODIAC,0,1,1
ZODIACLOTH,0,1,1
ZOTA,0,1,1
ZSARACOM,0,1,1
ZUARI,0,1,1
ZUARIIND,0,1,1
ZYDUSLIFE,1,1,2
ZYDUSWELL,1,1,2
